{
    "accuracy": 0.8041958041958042,
    "precision": 0.8,
    "recall": 0.6896551724137931,
    "f1_score": 0.7407407407407407,
    "roc_auc": 0.8346855983772821
}