{
    "accuracy": 0.7902097902097902,
    "precision": 0.7692307692307693,
    "recall": 0.6896551724137931,
    "f1_score": 0.7272727272727273,
    "roc_auc": 0.8320486815415822
}